--=============================================
-- Alchemist Unit by SailorCat
--=============================================
-----------------------------------------------	
-- Tags
-----------------------------------------------	
INSERT INTO Tags (Tag, Vocabulary) VALUES ('CLASS_SAILOR_ALCHEMIST', 'ABILITY_CLASS');

-----------------------------------------------	
-- Types
-----------------------------------------------	
INSERT INTO Types
		(Type,											Kind)
VALUES	('ABILITY_SAILOR_ALCHEMIST_HEAL',				'KIND_ABILITY'),
		('ABILITY_SAILOR_ALCHEMIST_RESOURCE_FOOD',		'KIND_ABILITY'),
		('ABILITY_SAILOR_ALCHEMIST_RESOURCE_PROD',		'KIND_ABILITY'),
		('ABILITY_SAILOR_ALCHEMIST_RESOURCE_GOLD',		'KIND_ABILITY'),
		('ABILITY_SAILOR_ALCHEMIST_RESOURCE_FAITH',		'KIND_ABILITY'),
		('ABILITY_SAILOR_ALCHEMIST_RESOURCE_SCIENCE',	'KIND_ABILITY'),
		('ABILITY_SAILOR_ALCHEMIST_RESOURCE_CULTURE',	'KIND_ABILITY'),
		('ABILITY_SAILOR_ALCHEMIST_RESOURCE_FOOD2',		'KIND_ABILITY'),
		('ABILITY_SAILOR_ALCHEMIST_RESOURCE_PROD2',		'KIND_ABILITY'),
		('ABILITY_SAILOR_ALCHEMIST_RESOURCE_GOLD2',		'KIND_ABILITY'),
		('ABILITY_SAILOR_ALCHEMIST_RESOURCE_FAITH2',	'KIND_ABILITY'),
		('ABILITY_SAILOR_ALCHEMIST_RESOURCE_SCIENCE2',	'KIND_ABILITY'),
		('ABILITY_SAILOR_ALCHEMIST_RESOURCE_CULTURE2',	'KIND_ABILITY'),
		('ABILITY_SAILOR_ALCHEMIST_RESOURCE_FOOD3',		'KIND_ABILITY'),
		('ABILITY_SAILOR_ALCHEMIST_RESOURCE_PROD3',		'KIND_ABILITY'),
		('ABILITY_SAILOR_ALCHEMIST_RESOURCE_GOLD3',		'KIND_ABILITY'),
		('ABILITY_SAILOR_ALCHEMIST_RESOURCE_FAITH3',	'KIND_ABILITY'),
		('ABILITY_SAILOR_ALCHEMIST_RESOURCE_SCIENCE3',	'KIND_ABILITY'),
		('ABILITY_SAILOR_ALCHEMIST_RESOURCE_CULTURE3',	'KIND_ABILITY'),
		('UNIT_SAILOR_ALCHEMIST',						'KIND_UNIT');

-----------------------------------------------	
-- TypeTags
-----------------------------------------------	
INSERT INTO TypeTags
		(Type,												Tag)
VALUES	('UNIT_SAILOR_ALCHEMIST',							'CLASS_SAILOR_ALCHEMIST'),
		('UNIT_SAILOR_ALCHEMIST',							'CLASS_LANDCIVILIAN'),
		('ABILITY_SAILOR_ALCHEMIST_HEAL',					'CLASS_SAILOR_ALCHEMIST'),
		('ABILITY_SAILOR_ALCHEMIST_RESOURCE_FOOD',			'CLASS_SAILOR_ALCHEMIST'),
		('ABILITY_SAILOR_ALCHEMIST_RESOURCE_PROD',			'CLASS_SAILOR_ALCHEMIST'),
		('ABILITY_SAILOR_ALCHEMIST_RESOURCE_GOLD',			'CLASS_SAILOR_ALCHEMIST'),
		('ABILITY_SAILOR_ALCHEMIST_RESOURCE_FAITH',			'CLASS_SAILOR_ALCHEMIST'),
		('ABILITY_SAILOR_ALCHEMIST_RESOURCE_SCIENCE',		'CLASS_SAILOR_ALCHEMIST'),
		('ABILITY_SAILOR_ALCHEMIST_RESOURCE_CULTURE',		'CLASS_SAILOR_ALCHEMIST'),
		('ABILITY_SAILOR_ALCHEMIST_RESOURCE_FOOD2',			'CLASS_SAILOR_ALCHEMIST'),
		('ABILITY_SAILOR_ALCHEMIST_RESOURCE_PROD2',			'CLASS_SAILOR_ALCHEMIST'),
		('ABILITY_SAILOR_ALCHEMIST_RESOURCE_GOLD2',			'CLASS_SAILOR_ALCHEMIST'),
		('ABILITY_SAILOR_ALCHEMIST_RESOURCE_FAITH2',		'CLASS_SAILOR_ALCHEMIST'),
		('ABILITY_SAILOR_ALCHEMIST_RESOURCE_SCIENCE2',		'CLASS_SAILOR_ALCHEMIST'),
		('ABILITY_SAILOR_ALCHEMIST_RESOURCE_CULTURE2',		'CLASS_SAILOR_ALCHEMIST'),
		('ABILITY_SAILOR_ALCHEMIST_RESOURCE_FOOD3',			'CLASS_SAILOR_ALCHEMIST'),
		('ABILITY_SAILOR_ALCHEMIST_RESOURCE_PROD3',			'CLASS_SAILOR_ALCHEMIST'),
		('ABILITY_SAILOR_ALCHEMIST_RESOURCE_GOLD3',			'CLASS_SAILOR_ALCHEMIST'),
		('ABILITY_SAILOR_ALCHEMIST_RESOURCE_FAITH3',		'CLASS_SAILOR_ALCHEMIST'),
		('ABILITY_SAILOR_ALCHEMIST_RESOURCE_SCIENCE3',		'CLASS_SAILOR_ALCHEMIST'),
		('ABILITY_SAILOR_ALCHEMIST_RESOURCE_CULTURE3',		'CLASS_SAILOR_ALCHEMIST');

-----------------------------------------------
-- Units
-----------------------------------------------
INSERT INTO Units (
		UnitType,
		Name,
		Description,
		BaseSightRange,
		BaseMoves,
		Domain,
		FormationClass,
		Cost,
		CanCapture,
		CanTrain,
		PurchaseYield,
		PrereqTech,
		Maintenance,
		ZoneOfControl,
		AdvisorType
		)
VALUES	('UNIT_SAILOR_ALCHEMIST', -- UnitType
		'LOC_UNIT_SAILOR_ALCHEMIST_NAME', -- Name
		'LOC_UNIT_SAILOR_ALCHEMIST_DESCRIPTION', -- Description
		2, -- BaseSightRange
		3, -- Basemoves
		'DOMAIN_LAND', -- Domain
		'FORMATION_CLASS_CIVILIAN', -- FormationClass
		1, -- Cost
		0, -- CanCapture
		1, -- CanTrain
		'YIELD_GOLD', -- PurchaseYield
		'TECH_WRITING', -- PrereqTech
		0, -- Maintenance
		0, -- ZoneOfControl
		'ADVISOR_GENERIC' -- AdvisorType
		);

-----------------------------------------------
-- UnitUpgrades
-----------------------------------------------
INSERT INTO UnitUpgrades (Unit, UpgradeUnit) VALUES ('UNIT_SAILOR_ALCHEMIST', 'UNIT_MEDIC');

-----------------------------------------------
-- UnitCaptures
-----------------------------------------------
INSERT INTO UnitCaptures (CapturedUnitType, BecomesUnitType) VALUES ('UNIT_SAILOR_ALCHEMIST', 'UNIT_SAILOR_ALCHEMIST');

-----------------------------------------------
-- Unit_BuildingPrereqs
-----------------------------------------------
INSERT INTO Unit_BuildingPrereqs (Unit, PrereqBuilding, NumSupported) VALUES ('UNIT_SAILOR_ALCHEMIST', 'BUILDING_SAILOR_ALCHEMIST_SHOP', 0);

-----------------------------------------------
-- UnitAiInfos
-----------------------------------------------
INSERT INTO UnitAiInfos
		(UnitType,					AiType)
VALUES 	('UNIT_SAILOR_ALCHEMIST',	'UNITTYPE_CIVILIAN'),
		('UNIT_SAILOR_ALCHEMIST',	'UNITAI_BUILD');

-----------------------------------------------
-- UnitAbilities
-----------------------------------------------
INSERT INTO UnitAbilities
		(UnitAbilityType,								Name,													Description)
VALUES	('ABILITY_SAILOR_ALCHEMIST_RESOURCE_FOOD',		NULL,													'LOC_ABILITY_SAILOR_ALCHEMIST_RESOURCE_FOOD_DESCRIPTION'),
		('ABILITY_SAILOR_ALCHEMIST_RESOURCE_PROD',		NULL,													NULL),
		('ABILITY_SAILOR_ALCHEMIST_RESOURCE_GOLD',		NULL,													NULL),
		('ABILITY_SAILOR_ALCHEMIST_RESOURCE_FAITH',		NULL,													NULL),
		('ABILITY_SAILOR_ALCHEMIST_RESOURCE_SCIENCE',	NULL,													NULL),
		('ABILITY_SAILOR_ALCHEMIST_RESOURCE_CULTURE',	NULL,													NULL),
		-- 2
		('ABILITY_SAILOR_ALCHEMIST_RESOURCE_FOOD2',		NULL,													NULL),
		('ABILITY_SAILOR_ALCHEMIST_RESOURCE_PROD2',		NULL,													NULL),
		('ABILITY_SAILOR_ALCHEMIST_RESOURCE_GOLD2',		NULL,													NULL),
		('ABILITY_SAILOR_ALCHEMIST_RESOURCE_FAITH2',	NULL,													NULL),
		('ABILITY_SAILOR_ALCHEMIST_RESOURCE_SCIENCE2',	NULL,													NULL),
		('ABILITY_SAILOR_ALCHEMIST_RESOURCE_CULTURE2',	NULL,													NULL),
		-- 3
		('ABILITY_SAILOR_ALCHEMIST_RESOURCE_FOOD3',		NULL,													NULL),
		('ABILITY_SAILOR_ALCHEMIST_RESOURCE_PROD3',		NULL,													NULL),
		('ABILITY_SAILOR_ALCHEMIST_RESOURCE_GOLD3',		NULL,													NULL),
		('ABILITY_SAILOR_ALCHEMIST_RESOURCE_FAITH3',	NULL,													NULL),
		('ABILITY_SAILOR_ALCHEMIST_RESOURCE_SCIENCE3',	NULL,													NULL),
		('ABILITY_SAILOR_ALCHEMIST_RESOURCE_CULTURE3',	NULL,													NULL);

-----------------------------------------------
--  UnitAbilityModifiers
-----------------------------------------------
INSERT INTO UnitAbilityModifiers
		(UnitAbilityType,								ModifierId)
VALUES	('ABILITY_SAILOR_ALCHEMIST_RESOURCE_FOOD',		'ABILITY_SAILOR_ALCHEMIST_RESOURCE_MOD_FOOD'),
		('ABILITY_SAILOR_ALCHEMIST_RESOURCE_PROD',		'ABILITY_SAILOR_ALCHEMIST_RESOURCE_MOD_PROD'),
		('ABILITY_SAILOR_ALCHEMIST_RESOURCE_GOLD',		'ABILITY_SAILOR_ALCHEMIST_RESOURCE_MOD_GOLD'),
		('ABILITY_SAILOR_ALCHEMIST_RESOURCE_FAITH',		'ABILITY_SAILOR_ALCHEMIST_RESOURCE_MOD_FAITH'),
		('ABILITY_SAILOR_ALCHEMIST_RESOURCE_SCIENCE',	'ABILITY_SAILOR_ALCHEMIST_RESOURCE_MOD_SCIENCE'),
		('ABILITY_SAILOR_ALCHEMIST_RESOURCE_CULTURE',	'ABILITY_SAILOR_ALCHEMIST_RESOURCE_MOD_CULTURE'),
		-- 2
		('ABILITY_SAILOR_ALCHEMIST_RESOURCE_FOOD2',		'ABILITY_SAILOR_ALCHEMIST_RESOURCE_MOD_FOOD2'),
		('ABILITY_SAILOR_ALCHEMIST_RESOURCE_PROD2',		'ABILITY_SAILOR_ALCHEMIST_RESOURCE_MOD_PROD2'),
		('ABILITY_SAILOR_ALCHEMIST_RESOURCE_GOLD2',		'ABILITY_SAILOR_ALCHEMIST_RESOURCE_MOD_GOLD2'),
		('ABILITY_SAILOR_ALCHEMIST_RESOURCE_FAITH2',	'ABILITY_SAILOR_ALCHEMIST_RESOURCE_MOD_FAITH2'),
		('ABILITY_SAILOR_ALCHEMIST_RESOURCE_SCIENCE2',	'ABILITY_SAILOR_ALCHEMIST_RESOURCE_MOD_SCIENCE2'),
		('ABILITY_SAILOR_ALCHEMIST_RESOURCE_CULTURE2',	'ABILITY_SAILOR_ALCHEMIST_RESOURCE_MOD_CULTURE2'),
		-- 3
		('ABILITY_SAILOR_ALCHEMIST_RESOURCE_FOOD3',		'ABILITY_SAILOR_ALCHEMIST_RESOURCE_MOD_FOOD3'),
		('ABILITY_SAILOR_ALCHEMIST_RESOURCE_PROD3',		'ABILITY_SAILOR_ALCHEMIST_RESOURCE_MOD_PROD3'),
		('ABILITY_SAILOR_ALCHEMIST_RESOURCE_GOLD3',		'ABILITY_SAILOR_ALCHEMIST_RESOURCE_MOD_GOLD3'),
		('ABILITY_SAILOR_ALCHEMIST_RESOURCE_FAITH3',	'ABILITY_SAILOR_ALCHEMIST_RESOURCE_MOD_FAITH3'),
		('ABILITY_SAILOR_ALCHEMIST_RESOURCE_SCIENCE3',	'ABILITY_SAILOR_ALCHEMIST_RESOURCE_MOD_SCIENCE3'),
		('ABILITY_SAILOR_ALCHEMIST_RESOURCE_CULTURE3',	'ABILITY_SAILOR_ALCHEMIST_RESOURCE_MOD_CULTURE3');

-----------------------------------------------
-- Modifiers
-----------------------------------------------
INSERT INTO Modifiers
		(ModifierId,										ModifierType,								SubjectRequirementSetId)
VALUES	('ABILITY_SAILOR_ALCHEMIST_RESOURCE_MOD_FOOD',		'MODIFIER_PLAYER_ADJUST_PLOT_YIELD', 		'ABILITY_SAILOR_ALCHEMIST_PLOT_FOOD_REQUIREMENTS'),
		('ABILITY_SAILOR_ALCHEMIST_RESOURCE_MOD_PROD',		'MODIFIER_PLAYER_ADJUST_PLOT_YIELD', 		'ABILITY_SAILOR_ALCHEMIST_PLOT_PROD_REQUIREMENTS'),
		('ABILITY_SAILOR_ALCHEMIST_RESOURCE_MOD_GOLD',		'MODIFIER_PLAYER_ADJUST_PLOT_YIELD', 		'ABILITY_SAILOR_ALCHEMIST_PLOT_GOLD_REQUIREMENTS'),
		('ABILITY_SAILOR_ALCHEMIST_RESOURCE_MOD_FAITH',		'MODIFIER_PLAYER_ADJUST_PLOT_YIELD', 		'ABILITY_SAILOR_ALCHEMIST_PLOT_FAITH_REQUIREMENTS'),
		('ABILITY_SAILOR_ALCHEMIST_RESOURCE_MOD_SCIENCE',	'MODIFIER_PLAYER_ADJUST_PLOT_YIELD', 		'ABILITY_SAILOR_ALCHEMIST_PLOT_SCIENCE_REQUIREMENTS'),
		('ABILITY_SAILOR_ALCHEMIST_RESOURCE_MOD_CULTURE',	'MODIFIER_PLAYER_ADJUST_PLOT_YIELD', 		'ABILITY_SAILOR_ALCHEMIST_PLOT_CULTURE_REQUIREMENTS'),
		-- 2
		('ABILITY_SAILOR_ALCHEMIST_RESOURCE_MOD_FOOD2',		'MODIFIER_PLAYER_ADJUST_PLOT_YIELD', 		'ABILITY_SAILOR_ALCHEMIST_PLOT_FOOD2_REQUIREMENTS'),
		('ABILITY_SAILOR_ALCHEMIST_RESOURCE_MOD_PROD2',		'MODIFIER_PLAYER_ADJUST_PLOT_YIELD', 		'ABILITY_SAILOR_ALCHEMIST_PLOT_PROD2_REQUIREMENTS'),
		('ABILITY_SAILOR_ALCHEMIST_RESOURCE_MOD_GOLD2',		'MODIFIER_PLAYER_ADJUST_PLOT_YIELD', 		'ABILITY_SAILOR_ALCHEMIST_PLOT_GOLD2_REQUIREMENTS'),
		('ABILITY_SAILOR_ALCHEMIST_RESOURCE_MOD_FAITH2',	'MODIFIER_PLAYER_ADJUST_PLOT_YIELD', 		'ABILITY_SAILOR_ALCHEMIST_PLOT_FAITH2_REQUIREMENTS'),
		('ABILITY_SAILOR_ALCHEMIST_RESOURCE_MOD_SCIENCE2',	'MODIFIER_PLAYER_ADJUST_PLOT_YIELD', 		'ABILITY_SAILOR_ALCHEMIST_PLOT_SCIENCE2_REQUIREMENTS'),
		('ABILITY_SAILOR_ALCHEMIST_RESOURCE_MOD_CULTURE2',	'MODIFIER_PLAYER_ADJUST_PLOT_YIELD', 		'ABILITY_SAILOR_ALCHEMIST_PLOT_CULTURE2_REQUIREMENTS'),
		-- 3
		('ABILITY_SAILOR_ALCHEMIST_RESOURCE_MOD_FOOD3',		'MODIFIER_PLAYER_ADJUST_PLOT_YIELD', 		'ABILITY_SAILOR_ALCHEMIST_PLOT_FOOD3_REQUIREMENTS'),
		('ABILITY_SAILOR_ALCHEMIST_RESOURCE_MOD_PROD3',		'MODIFIER_PLAYER_ADJUST_PLOT_YIELD', 		'ABILITY_SAILOR_ALCHEMIST_PLOT_PROD3_REQUIREMENTS'),
		('ABILITY_SAILOR_ALCHEMIST_RESOURCE_MOD_GOLD3',		'MODIFIER_PLAYER_ADJUST_PLOT_YIELD', 		'ABILITY_SAILOR_ALCHEMIST_PLOT_GOLD3_REQUIREMENTS'),
		('ABILITY_SAILOR_ALCHEMIST_RESOURCE_MOD_FAITH3',	'MODIFIER_PLAYER_ADJUST_PLOT_YIELD', 		'ABILITY_SAILOR_ALCHEMIST_PLOT_FAITH3_REQUIREMENTS'),
		('ABILITY_SAILOR_ALCHEMIST_RESOURCE_MOD_SCIENCE3',	'MODIFIER_PLAYER_ADJUST_PLOT_YIELD', 		'ABILITY_SAILOR_ALCHEMIST_PLOT_SCIENCE3_REQUIREMENTS'),
		('ABILITY_SAILOR_ALCHEMIST_RESOURCE_MOD_CULTURE3',	'MODIFIER_PLAYER_ADJUST_PLOT_YIELD', 		'ABILITY_SAILOR_ALCHEMIST_PLOT_CULTURE3_REQUIREMENTS');

-----------------------------------------------
-- ModifierArguments
-----------------------------------------------
INSERT INTO	ModifierArguments
		(ModifierId,											Name,			Value)
VALUES	('ABILITY_SAILOR_ALCHEMIST_RESOURCE_MOD_FOOD',			'YieldType',	'YIELD_FOOD'),
		('ABILITY_SAILOR_ALCHEMIST_RESOURCE_MOD_FOOD',			'Amount',		1),
		('ABILITY_SAILOR_ALCHEMIST_RESOURCE_MOD_PROD',			'YieldType',	'YIELD_PRODUCTION'),
		('ABILITY_SAILOR_ALCHEMIST_RESOURCE_MOD_PROD',			'Amount',		1),
		('ABILITY_SAILOR_ALCHEMIST_RESOURCE_MOD_GOLD',			'YieldType',	'YIELD_GOLD'),
		('ABILITY_SAILOR_ALCHEMIST_RESOURCE_MOD_GOLD',			'Amount',		1),
		('ABILITY_SAILOR_ALCHEMIST_RESOURCE_MOD_FAITH',			'YieldType',	'YIELD_FAITH'),
		('ABILITY_SAILOR_ALCHEMIST_RESOURCE_MOD_FAITH',			'Amount',		1),
		('ABILITY_SAILOR_ALCHEMIST_RESOURCE_MOD_SCIENCE',		'YieldType',	'YIELD_SCIENCE'),
		('ABILITY_SAILOR_ALCHEMIST_RESOURCE_MOD_SCIENCE',		'Amount',		1),
		('ABILITY_SAILOR_ALCHEMIST_RESOURCE_MOD_CULTURE',		'YieldType',	'YIELD_CULTURE'),
		('ABILITY_SAILOR_ALCHEMIST_RESOURCE_MOD_CULTURE',		'Amount',		1),
		-- 2
		('ABILITY_SAILOR_ALCHEMIST_RESOURCE_MOD_FOOD2',			'YieldType',	'YIELD_FOOD'),
		('ABILITY_SAILOR_ALCHEMIST_RESOURCE_MOD_FOOD2',			'Amount',		2),
		('ABILITY_SAILOR_ALCHEMIST_RESOURCE_MOD_PROD2',			'YieldType',	'YIELD_PRODUCTION'),
		('ABILITY_SAILOR_ALCHEMIST_RESOURCE_MOD_PROD2',			'Amount',		2),
		('ABILITY_SAILOR_ALCHEMIST_RESOURCE_MOD_GOLD2',			'YieldType',	'YIELD_GOLD'),
		('ABILITY_SAILOR_ALCHEMIST_RESOURCE_MOD_GOLD2',			'Amount',		2),
		('ABILITY_SAILOR_ALCHEMIST_RESOURCE_MOD_FAITH2',		'YieldType',	'YIELD_FAITH'),
		('ABILITY_SAILOR_ALCHEMIST_RESOURCE_MOD_FAITH2',		'Amount',		2),
		('ABILITY_SAILOR_ALCHEMIST_RESOURCE_MOD_SCIENCE2',		'YieldType',	'YIELD_SCIENCE'),
		('ABILITY_SAILOR_ALCHEMIST_RESOURCE_MOD_SCIENCE2',		'Amount',		2),
		('ABILITY_SAILOR_ALCHEMIST_RESOURCE_MOD_CULTURE2',		'YieldType',	'YIELD_CULTURE'),
		('ABILITY_SAILOR_ALCHEMIST_RESOURCE_MOD_CULTURE2',		'Amount',		2),
		-- 3
		('ABILITY_SAILOR_ALCHEMIST_RESOURCE_MOD_FOOD3',			'YieldType',	'YIELD_FOOD'),
		('ABILITY_SAILOR_ALCHEMIST_RESOURCE_MOD_FOOD3',			'Amount',		3),
		('ABILITY_SAILOR_ALCHEMIST_RESOURCE_MOD_PROD3',			'YieldType',	'YIELD_PRODUCTION'),
		('ABILITY_SAILOR_ALCHEMIST_RESOURCE_MOD_PROD3',			'Amount',		3),
		('ABILITY_SAILOR_ALCHEMIST_RESOURCE_MOD_GOLD3',			'YieldType',	'YIELD_GOLD'),
		('ABILITY_SAILOR_ALCHEMIST_RESOURCE_MOD_GOLD3',			'Amount',		3),
		('ABILITY_SAILOR_ALCHEMIST_RESOURCE_MOD_FAITH3',		'YieldType',	'YIELD_FAITH'),
		('ABILITY_SAILOR_ALCHEMIST_RESOURCE_MOD_FAITH3',		'Amount',		3),
		('ABILITY_SAILOR_ALCHEMIST_RESOURCE_MOD_SCIENCE3',		'YieldType',	'YIELD_SCIENCE'),
		('ABILITY_SAILOR_ALCHEMIST_RESOURCE_MOD_SCIENCE3',		'Amount',		3),
		('ABILITY_SAILOR_ALCHEMIST_RESOURCE_MOD_CULTURE3',		'YieldType',	'YIELD_CULTURE'),
		('ABILITY_SAILOR_ALCHEMIST_RESOURCE_MOD_CULTURE3',		'Amount',		3);

-----------------------------------------------
-- RequirementSets
-----------------------------------------------
INSERT INTO RequirementSets
		(RequirementSetId,										RequirementSetType)
VALUES	('ABILITY_SAILOR_ALCHEMIST_PLOT_FOOD_REQUIREMENTS',		'REQUIREMENTSET_TEST_ALL'),
		('SAILOR_ALCHEMIST_REQUIRES_PLOT_IS_FOOD',				'REQUIREMENTSET_TEST_ANY'),
		('ABILITY_SAILOR_ALCHEMIST_PLOT_PROD_REQUIREMENTS',		'REQUIREMENTSET_TEST_ALL'),
		('SAILOR_ALCHEMIST_REQUIRES_PLOT_IS_PROD',				'REQUIREMENTSET_TEST_ANY'),
		('ABILITY_SAILOR_ALCHEMIST_PLOT_GOLD_REQUIREMENTS',		'REQUIREMENTSET_TEST_ALL'),
		('SAILOR_ALCHEMIST_REQUIRES_PLOT_IS_GOLD',				'REQUIREMENTSET_TEST_ANY'),
		('ABILITY_SAILOR_ALCHEMIST_PLOT_FAITH_REQUIREMENTS',	'REQUIREMENTSET_TEST_ALL'),
		('SAILOR_ALCHEMIST_REQUIRES_PLOT_IS_FAITH',				'REQUIREMENTSET_TEST_ANY'),
		('ABILITY_SAILOR_ALCHEMIST_PLOT_SCIENCE_REQUIREMENTS',	'REQUIREMENTSET_TEST_ALL'),
		('SAILOR_ALCHEMIST_REQUIRES_PLOT_IS_SCIENCE',			'REQUIREMENTSET_TEST_ANY'),
		('ABILITY_SAILOR_ALCHEMIST_PLOT_CULTURE_REQUIREMENTS',	'REQUIREMENTSET_TEST_ALL'),
		('SAILOR_ALCHEMIST_REQUIRES_PLOT_IS_CULTURE',			'REQUIREMENTSET_TEST_ANY'),
		-- 2
		('ABILITY_SAILOR_ALCHEMIST_PLOT_FOOD2_REQUIREMENTS',	'REQUIREMENTSET_TEST_ALL'),
		('SAILOR_ALCHEMIST_REQUIRES_PLOT_IS_FOOD2',				'REQUIREMENTSET_TEST_ANY'),
		('ABILITY_SAILOR_ALCHEMIST_PLOT_PROD2_REQUIREMENTS',	'REQUIREMENTSET_TEST_ALL'),
		('SAILOR_ALCHEMIST_REQUIRES_PLOT_IS_PROD2',				'REQUIREMENTSET_TEST_ANY'),
		('ABILITY_SAILOR_ALCHEMIST_PLOT_GOLD2_REQUIREMENTS',	'REQUIREMENTSET_TEST_ALL'),
		('SAILOR_ALCHEMIST_REQUIRES_PLOT_IS_GOLD2',				'REQUIREMENTSET_TEST_ANY'),
		('ABILITY_SAILOR_ALCHEMIST_PLOT_FAITH2_REQUIREMENTS',	'REQUIREMENTSET_TEST_ALL'),
		('SAILOR_ALCHEMIST_REQUIRES_PLOT_IS_FAITH2',			'REQUIREMENTSET_TEST_ANY'),
		('ABILITY_SAILOR_ALCHEMIST_PLOT_SCIENCE2_REQUIREMENTS',	'REQUIREMENTSET_TEST_ALL'),
		('SAILOR_ALCHEMIST_REQUIRES_PLOT_IS_SCIENCE2',			'REQUIREMENTSET_TEST_ANY'),
		('ABILITY_SAILOR_ALCHEMIST_PLOT_CULTURE2_REQUIREMENTS',	'REQUIREMENTSET_TEST_ALL'),
		('SAILOR_ALCHEMIST_REQUIRES_PLOT_IS_CULTURE2',			'REQUIREMENTSET_TEST_ANY'),
		-- 3
		('ABILITY_SAILOR_ALCHEMIST_PLOT_FOOD3_REQUIREMENTS',	'REQUIREMENTSET_TEST_ALL'),
		('SAILOR_ALCHEMIST_REQUIRES_PLOT_IS_FOOD3',				'REQUIREMENTSET_TEST_ANY'),
		('ABILITY_SAILOR_ALCHEMIST_PLOT_PROD3_REQUIREMENTS',	'REQUIREMENTSET_TEST_ALL'),
		('SAILOR_ALCHEMIST_REQUIRES_PLOT_IS_PROD3',				'REQUIREMENTSET_TEST_ANY'),
		('ABILITY_SAILOR_ALCHEMIST_PLOT_GOLD3_REQUIREMENTS',	'REQUIREMENTSET_TEST_ALL'),
		('SAILOR_ALCHEMIST_REQUIRES_PLOT_IS_GOLD3',				'REQUIREMENTSET_TEST_ANY'),
		('ABILITY_SAILOR_ALCHEMIST_PLOT_FAITH3_REQUIREMENTS',	'REQUIREMENTSET_TEST_ALL'),
		('SAILOR_ALCHEMIST_REQUIRES_PLOT_IS_FAITH3',			'REQUIREMENTSET_TEST_ANY'),
		('ABILITY_SAILOR_ALCHEMIST_PLOT_SCIENCE3_REQUIREMENTS',	'REQUIREMENTSET_TEST_ALL'),
		('SAILOR_ALCHEMIST_REQUIRES_PLOT_IS_SCIENCE3',			'REQUIREMENTSET_TEST_ANY'),
		('ABILITY_SAILOR_ALCHEMIST_PLOT_CULTURE3_REQUIREMENTS',	'REQUIREMENTSET_TEST_ALL'),
		('SAILOR_ALCHEMIST_REQUIRES_PLOT_IS_CULTURE3',			'REQUIREMENTSET_TEST_ANY');

-----------------------------------------------
-- RequirementSetRequirements
-----------------------------------------------
INSERT INTO RequirementSetRequirements
		(RequirementSetId,											RequirementId)
VALUES	('ABILITY_SAILOR_ALCHEMIST_PLOT_FOOD_REQUIREMENTS',			'SAILOR_ALCHEMIST_REQUIRES_PLOT_IS_ALCHEMIST'),
		('ABILITY_SAILOR_ALCHEMIST_PLOT_FOOD_REQUIREMENTS',			'SAILOR_ALCHEMIST_REQUIRES_PLOT_RESOURCE_VISIBLE'),
		('ABILITY_SAILOR_ALCHEMIST_PLOT_FOOD_REQUIREMENTS',			'SAILOR_ALCHEMIST_REQUIRES_FOOD_REQSET'),
		('ABILITY_SAILOR_ALCHEMIST_PLOT_PROD_REQUIREMENTS',			'SAILOR_ALCHEMIST_REQUIRES_PLOT_IS_ALCHEMIST'),
		('ABILITY_SAILOR_ALCHEMIST_PLOT_PROD_REQUIREMENTS',			'SAILOR_ALCHEMIST_REQUIRES_PLOT_RESOURCE_VISIBLE'),
		('ABILITY_SAILOR_ALCHEMIST_PLOT_PROD_REQUIREMENTS',			'SAILOR_ALCHEMIST_REQUIRES_PROD_REQSET'),
		('ABILITY_SAILOR_ALCHEMIST_PLOT_GOLD_REQUIREMENTS',			'SAILOR_ALCHEMIST_REQUIRES_PLOT_IS_ALCHEMIST'),
		('ABILITY_SAILOR_ALCHEMIST_PLOT_GOLD_REQUIREMENTS',			'SAILOR_ALCHEMIST_REQUIRES_PLOT_RESOURCE_VISIBLE'),
		('ABILITY_SAILOR_ALCHEMIST_PLOT_GOLD_REQUIREMENTS',			'SAILOR_ALCHEMIST_REQUIRES_GOLD_REQSET'),
		('ABILITY_SAILOR_ALCHEMIST_PLOT_FAITH_REQUIREMENTS',		'SAILOR_ALCHEMIST_REQUIRES_PLOT_IS_ALCHEMIST'),
		('ABILITY_SAILOR_ALCHEMIST_PLOT_FAITH_REQUIREMENTS',		'SAILOR_ALCHEMIST_REQUIRES_PLOT_RESOURCE_VISIBLE'),
		('ABILITY_SAILOR_ALCHEMIST_PLOT_FAITH_REQUIREMENTS',		'SAILOR_ALCHEMIST_REQUIRES_FAITH_REQSET'),
		('ABILITY_SAILOR_ALCHEMIST_PLOT_SCIENCE_REQUIREMENTS',		'SAILOR_ALCHEMIST_REQUIRES_PLOT_IS_ALCHEMIST'),
		('ABILITY_SAILOR_ALCHEMIST_PLOT_SCIENCE_REQUIREMENTS',		'SAILOR_ALCHEMIST_REQUIRES_PLOT_RESOURCE_VISIBLE'),
		('ABILITY_SAILOR_ALCHEMIST_PLOT_SCIENCE_REQUIREMENTS',		'SAILOR_ALCHEMIST_REQUIRES_SCIENCE_REQSET'),
		('ABILITY_SAILOR_ALCHEMIST_PLOT_CULTURE_REQUIREMENTS',		'SAILOR_ALCHEMIST_REQUIRES_PLOT_IS_ALCHEMIST'),
		('ABILITY_SAILOR_ALCHEMIST_PLOT_CULTURE_REQUIREMENTS',		'SAILOR_ALCHEMIST_REQUIRES_PLOT_RESOURCE_VISIBLE'),
		('ABILITY_SAILOR_ALCHEMIST_PLOT_CULTURE_REQUIREMENTS',		'SAILOR_ALCHEMIST_REQUIRES_CULTURE_REQSET'),
		-- 2
		('ABILITY_SAILOR_ALCHEMIST_PLOT_FOOD2_REQUIREMENTS',		'SAILOR_ALCHEMIST_REQUIRES_PLOT_IS_ALCHEMIST'),
		('ABILITY_SAILOR_ALCHEMIST_PLOT_FOOD2_REQUIREMENTS',		'SAILOR_ALCHEMIST_REQUIRES_PLOT_RESOURCE_VISIBLE'),
		('ABILITY_SAILOR_ALCHEMIST_PLOT_FOOD2_REQUIREMENTS',		'SAILOR_ALCHEMIST_REQUIRES_FOOD2_REQSET'),
		('ABILITY_SAILOR_ALCHEMIST_PLOT_PROD2_REQUIREMENTS',		'SAILOR_ALCHEMIST_REQUIRES_PLOT_IS_ALCHEMIST'),
		('ABILITY_SAILOR_ALCHEMIST_PLOT_PROD2_REQUIREMENTS',		'SAILOR_ALCHEMIST_REQUIRES_PLOT_RESOURCE_VISIBLE'),
		('ABILITY_SAILOR_ALCHEMIST_PLOT_PROD2_REQUIREMENTS',		'SAILOR_ALCHEMIST_REQUIRES_PROD2_REQSET'),
		('ABILITY_SAILOR_ALCHEMIST_PLOT_GOLD2_REQUIREMENTS',		'SAILOR_ALCHEMIST_REQUIRES_PLOT_IS_ALCHEMIST'),
		('ABILITY_SAILOR_ALCHEMIST_PLOT_GOLD2_REQUIREMENTS',		'SAILOR_ALCHEMIST_REQUIRES_PLOT_RESOURCE_VISIBLE'),
		('ABILITY_SAILOR_ALCHEMIST_PLOT_GOLD2_REQUIREMENTS',		'SAILOR_ALCHEMIST_REQUIRES_GOLD2_REQSET'),
		('ABILITY_SAILOR_ALCHEMIST_PLOT_FAITH2_REQUIREMENTS',		'SAILOR_ALCHEMIST_REQUIRES_PLOT_IS_ALCHEMIST'),
		('ABILITY_SAILOR_ALCHEMIST_PLOT_FAITH2_REQUIREMENTS',		'SAILOR_ALCHEMIST_REQUIRES_PLOT_RESOURCE_VISIBLE'),
		('ABILITY_SAILOR_ALCHEMIST_PLOT_FAITH2_REQUIREMENTS',		'SAILOR_ALCHEMIST_REQUIRES_FAITH2_REQSET'),
		('ABILITY_SAILOR_ALCHEMIST_PLOT_SCIENCE2_REQUIREMENTS',		'SAILOR_ALCHEMIST_REQUIRES_PLOT_IS_ALCHEMIST'),
		('ABILITY_SAILOR_ALCHEMIST_PLOT_SCIENCE2_REQUIREMENTS',		'SAILOR_ALCHEMIST_REQUIRES_PLOT_RESOURCE_VISIBLE'),
		('ABILITY_SAILOR_ALCHEMIST_PLOT_SCIENCE2_REQUIREMENTS',		'SAILOR_ALCHEMIST_REQUIRES_SCIENCE2_REQSET'),
		('ABILITY_SAILOR_ALCHEMIST_PLOT_CULTURE2_REQUIREMENTS',		'SAILOR_ALCHEMIST_REQUIRES_PLOT_IS_ALCHEMIST'),
		('ABILITY_SAILOR_ALCHEMIST_PLOT_CULTURE2_REQUIREMENTS',		'SAILOR_ALCHEMIST_REQUIRES_PLOT_RESOURCE_VISIBLE'),
		('ABILITY_SAILOR_ALCHEMIST_PLOT_CULTURE2_REQUIREMENTS',		'SAILOR_ALCHEMIST_REQUIRES_CULTURE2_REQSET'),
		-- 3
		('ABILITY_SAILOR_ALCHEMIST_PLOT_FOOD3_REQUIREMENTS',		'SAILOR_ALCHEMIST_REQUIRES_PLOT_IS_ALCHEMIST'),
		('ABILITY_SAILOR_ALCHEMIST_PLOT_FOOD3_REQUIREMENTS',		'SAILOR_ALCHEMIST_REQUIRES_PLOT_RESOURCE_VISIBLE'),
		('ABILITY_SAILOR_ALCHEMIST_PLOT_FOOD3_REQUIREMENTS',		'SAILOR_ALCHEMIST_REQUIRES_FOOD3_REQSET'),
		('ABILITY_SAILOR_ALCHEMIST_PLOT_PROD3_REQUIREMENTS',		'SAILOR_ALCHEMIST_REQUIRES_PLOT_IS_ALCHEMIST'),
		('ABILITY_SAILOR_ALCHEMIST_PLOT_PROD3_REQUIREMENTS',		'SAILOR_ALCHEMIST_REQUIRES_PLOT_RESOURCE_VISIBLE'),
		('ABILITY_SAILOR_ALCHEMIST_PLOT_PROD3_REQUIREMENTS',		'SAILOR_ALCHEMIST_REQUIRES_PROD3_REQSET'),
		('ABILITY_SAILOR_ALCHEMIST_PLOT_GOLD3_REQUIREMENTS',		'SAILOR_ALCHEMIST_REQUIRES_PLOT_IS_ALCHEMIST'),
		('ABILITY_SAILOR_ALCHEMIST_PLOT_GOLD3_REQUIREMENTS',		'SAILOR_ALCHEMIST_REQUIRES_PLOT_RESOURCE_VISIBLE'),
		('ABILITY_SAILOR_ALCHEMIST_PLOT_GOLD3_REQUIREMENTS',		'SAILOR_ALCHEMIST_REQUIRES_GOLD3_REQSET'),
		('ABILITY_SAILOR_ALCHEMIST_PLOT_FAITH3_REQUIREMENTS',		'SAILOR_ALCHEMIST_REQUIRES_PLOT_IS_ALCHEMIST'),
		('ABILITY_SAILOR_ALCHEMIST_PLOT_FAITH3_REQUIREMENTS',		'SAILOR_ALCHEMIST_REQUIRES_PLOT_RESOURCE_VISIBLE'),
		('ABILITY_SAILOR_ALCHEMIST_PLOT_FAITH3_REQUIREMENTS',		'SAILOR_ALCHEMIST_REQUIRES_FAITH3_REQSET'),
		('ABILITY_SAILOR_ALCHEMIST_PLOT_SCIENCE3_REQUIREMENTS',		'SAILOR_ALCHEMIST_REQUIRES_PLOT_IS_ALCHEMIST'),
		('ABILITY_SAILOR_ALCHEMIST_PLOT_SCIENCE3_REQUIREMENTS',		'SAILOR_ALCHEMIST_REQUIRES_PLOT_RESOURCE_VISIBLE'),
		('ABILITY_SAILOR_ALCHEMIST_PLOT_SCIENCE3_REQUIREMENTS',		'SAILOR_ALCHEMIST_REQUIRES_SCIENCE3_REQSET'),
		('ABILITY_SAILOR_ALCHEMIST_PLOT_CULTURE3_REQUIREMENTS',		'SAILOR_ALCHEMIST_REQUIRES_PLOT_IS_ALCHEMIST'),
		('ABILITY_SAILOR_ALCHEMIST_PLOT_CULTURE3_REQUIREMENTS',		'SAILOR_ALCHEMIST_REQUIRES_PLOT_RESOURCE_VISIBLE'),
		('ABILITY_SAILOR_ALCHEMIST_PLOT_CULTURE3_REQUIREMENTS',		'SAILOR_ALCHEMIST_REQUIRES_CULTURE3_REQSET');

-- FOOD
INSERT INTO RequirementSetRequirements	
		(RequirementSetId,							RequirementId)
SELECT	'SAILOR_ALCHEMIST_REQUIRES_PLOT_IS_FOOD',	'ABILITY_SAILOR_ALCHEMIST_PLOT_FOOD_REQUIREMENTS'||ResourceType
FROM Resource_YieldChanges WHERE YieldType = 'YIELD_FOOD' AND YieldChange = 1;

INSERT INTO RequirementSetRequirements	
		(RequirementSetId,							RequirementId)
SELECT	'SAILOR_ALCHEMIST_REQUIRES_PLOT_IS_FOOD2',	'ABILITY_SAILOR_ALCHEMIST_PLOT_FOOD2_REQUIREMENTS'||ResourceType
FROM Resource_YieldChanges WHERE YieldType = 'YIELD_FOOD' AND YieldChange = 2;

INSERT INTO RequirementSetRequirements	
		(RequirementSetId,							RequirementId)
SELECT	'SAILOR_ALCHEMIST_REQUIRES_PLOT_IS_FOOD3',	'ABILITY_SAILOR_ALCHEMIST_PLOT_FOOD3_REQUIREMENTS'||ResourceType
FROM Resource_YieldChanges WHERE YieldType = 'YIELD_FOOD' AND YieldChange = 3;

-- PROD
INSERT INTO RequirementSetRequirements	
		(RequirementSetId,							RequirementId)
SELECT	'SAILOR_ALCHEMIST_REQUIRES_PLOT_IS_PROD',	'ABILITY_SAILOR_ALCHEMIST_PLOT_PROD_REQUIREMENTS'||ResourceType
FROM Resource_YieldChanges WHERE YieldType = 'YIELD_PRODUCTION' AND YieldChange = 1;

INSERT INTO RequirementSetRequirements	
		(RequirementSetId,							RequirementId)
SELECT	'SAILOR_ALCHEMIST_REQUIRES_PLOT_IS_PROD2',	'ABILITY_SAILOR_ALCHEMIST_PLOT_PROD2_REQUIREMENTS'||ResourceType
FROM Resource_YieldChanges WHERE YieldType = 'YIELD_PRODUCTION' AND YieldChange = 2;

INSERT INTO RequirementSetRequirements	
		(RequirementSetId,							RequirementId)
SELECT	'SAILOR_ALCHEMIST_REQUIRES_PLOT_IS_PROD3',	'ABILITY_SAILOR_ALCHEMIST_PLOT_PROD3_REQUIREMENTS'||ResourceType
FROM Resource_YieldChanges WHERE YieldType = 'YIELD_PRODUCTION' AND YieldChange = 3;

-- GOLD
INSERT INTO RequirementSetRequirements	
		(RequirementSetId,							RequirementId)
SELECT	'SAILOR_ALCHEMIST_REQUIRES_PLOT_IS_GOLD',	'ABILITY_SAILOR_ALCHEMIST_PLOT_GOLD_REQUIREMENTS'||ResourceType
FROM Resource_YieldChanges WHERE YieldType = 'YIELD_GOLD' AND YieldChange = 1;

INSERT INTO RequirementSetRequirements	
		(RequirementSetId,							RequirementId)
SELECT	'SAILOR_ALCHEMIST_REQUIRES_PLOT_IS_GOLD2',	'ABILITY_SAILOR_ALCHEMIST_PLOT_GOLD2_REQUIREMENTS'||ResourceType
FROM Resource_YieldChanges WHERE YieldType = 'YIELD_GOLD' AND YieldChange = 2;

INSERT INTO RequirementSetRequirements	
		(RequirementSetId,							RequirementId)
SELECT	'SAILOR_ALCHEMIST_REQUIRES_PLOT_IS_GOLD3',	'ABILITY_SAILOR_ALCHEMIST_PLOT_GOLD3_REQUIREMENTS'||ResourceType
FROM Resource_YieldChanges WHERE YieldType = 'YIELD_GOLD' AND YieldChange = 3;

-- FAITH
INSERT INTO RequirementSetRequirements	
		(RequirementSetId,							RequirementId)
SELECT	'SAILOR_ALCHEMIST_REQUIRES_PLOT_IS_FAITH',	'ABILITY_SAILOR_ALCHEMIST_PLOT_FAITH_REQUIREMENTS'||ResourceType
FROM Resource_YieldChanges WHERE YieldType = 'YIELD_FAITH' AND YieldChange = 1;

INSERT INTO RequirementSetRequirements	
		(RequirementSetId,							RequirementId)
SELECT	'SAILOR_ALCHEMIST_REQUIRES_PLOT_IS_FAITH2',	'ABILITY_SAILOR_ALCHEMIST_PLOT_FAITH2_REQUIREMENTS'||ResourceType
FROM Resource_YieldChanges WHERE YieldType = 'YIELD_FAITH' AND YieldChange = 2;

INSERT INTO RequirementSetRequirements	
		(RequirementSetId,							RequirementId)
SELECT	'SAILOR_ALCHEMIST_REQUIRES_PLOT_IS_FAITH3',	'ABILITY_SAILOR_ALCHEMIST_PLOT_FAITH3_REQUIREMENTS'||ResourceType
FROM Resource_YieldChanges WHERE YieldType = 'YIELD_FAITH' AND YieldChange = 3;

-- SCIENCE
INSERT INTO RequirementSetRequirements	
		(RequirementSetId,								RequirementId)
SELECT	'SAILOR_ALCHEMIST_REQUIRES_PLOT_IS_SCIENCE',	'ABILITY_SAILOR_ALCHEMIST_PLOT_SCIENCE_REQUIREMENTS'||ResourceType
FROM Resource_YieldChanges WHERE YieldType = 'YIELD_SCIENCE' AND YieldChange = 1;

INSERT INTO RequirementSetRequirements	
		(RequirementSetId,								RequirementId)
SELECT	'SAILOR_ALCHEMIST_REQUIRES_PLOT_IS_SCIENCE2',	'ABILITY_SAILOR_ALCHEMIST_PLOT_SCIENCE2_REQUIREMENTS'||ResourceType
FROM Resource_YieldChanges WHERE YieldType = 'YIELD_SCIENCE' AND YieldChange = 2;

INSERT INTO RequirementSetRequirements	
		(RequirementSetId,								RequirementId)
SELECT	'SAILOR_ALCHEMIST_REQUIRES_PLOT_IS_SCIENCE3',	'ABILITY_SAILOR_ALCHEMIST_PLOT_SCIENCE3_REQUIREMENTS'||ResourceType
FROM Resource_YieldChanges WHERE YieldType = 'YIELD_SCIENCE' AND YieldChange = 3;

-- CULTURE
INSERT INTO RequirementSetRequirements	
		(RequirementSetId,								RequirementId)
SELECT	'SAILOR_ALCHEMIST_REQUIRES_PLOT_IS_CULTURE',	'ABILITY_SAILOR_ALCHEMIST_PLOT_CULTURE_REQUIREMENTS'||ResourceType
FROM Resource_YieldChanges WHERE YieldType = 'YIELD_CULTURE' AND YieldChange = 1;

INSERT INTO RequirementSetRequirements	
		(RequirementSetId,								RequirementId)
SELECT	'SAILOR_ALCHEMIST_REQUIRES_PLOT_IS_CULTURE2',	'ABILITY_SAILOR_ALCHEMIST_PLOT_CULTURE2_REQUIREMENTS'||ResourceType
FROM Resource_YieldChanges WHERE YieldType = 'YIELD_CULTURE' AND YieldChange = 2;

INSERT INTO RequirementSetRequirements	
		(RequirementSetId,								RequirementId)
SELECT	'SAILOR_ALCHEMIST_REQUIRES_PLOT_IS_CULTURE3',	'ABILITY_SAILOR_ALCHEMIST_PLOT_CULTURE3_REQUIREMENTS'||ResourceType
FROM Resource_YieldChanges WHERE YieldType = 'YIELD_CULTURE' AND YieldChange = 3;

-----------------------------------------------
-- Requirements
-----------------------------------------------
-- FOOD
INSERT INTO Requirements
		(RequirementId,														RequirementType)
SELECT	'ABILITY_SAILOR_ALCHEMIST_PLOT_FOOD_REQUIREMENTS'||ResourceType,	'REQUIREMENT_PLOT_RESOURCE_TYPE_MATCHES'
FROM Resource_YieldChanges WHERE YieldType = 'YIELD_FOOD' AND YieldChange = 1;

INSERT INTO Requirements
		(RequirementId,														RequirementType)
SELECT	'ABILITY_SAILOR_ALCHEMIST_PLOT_FOOD2_REQUIREMENTS'||ResourceType,	'REQUIREMENT_PLOT_RESOURCE_TYPE_MATCHES'
FROM Resource_YieldChanges WHERE YieldType = 'YIELD_FOOD' AND YieldChange = 2;

INSERT INTO Requirements
		(RequirementId,														RequirementType)
SELECT	'ABILITY_SAILOR_ALCHEMIST_PLOT_FOOD3_REQUIREMENTS'||ResourceType,	'REQUIREMENT_PLOT_RESOURCE_TYPE_MATCHES'
FROM Resource_YieldChanges WHERE YieldType = 'YIELD_FOOD' AND YieldChange = 3;

-- PROD
INSERT INTO Requirements
		(RequirementId,														RequirementType)
SELECT	'ABILITY_SAILOR_ALCHEMIST_PLOT_PROD_REQUIREMENTS'||ResourceType,	'REQUIREMENT_PLOT_RESOURCE_TYPE_MATCHES'
FROM Resource_YieldChanges WHERE YieldType = 'YIELD_PRODUCTION' AND YieldChange = 1;

INSERT INTO Requirements
		(RequirementId,														RequirementType)
SELECT	'ABILITY_SAILOR_ALCHEMIST_PLOT_PROD2_REQUIREMENTS'||ResourceType,	'REQUIREMENT_PLOT_RESOURCE_TYPE_MATCHES'
FROM Resource_YieldChanges WHERE YieldType = 'YIELD_PRODUCTION' AND YieldChange = 2;

INSERT INTO Requirements
		(RequirementId,														RequirementType)
SELECT	'ABILITY_SAILOR_ALCHEMIST_PLOT_PROD3_REQUIREMENTS'||ResourceType,	'REQUIREMENT_PLOT_RESOURCE_TYPE_MATCHES'
FROM Resource_YieldChanges WHERE YieldType = 'YIELD_PRODUCTION' AND YieldChange = 3;

-- GOLD
INSERT INTO Requirements
		(RequirementId,														RequirementType)
SELECT	'ABILITY_SAILOR_ALCHEMIST_PLOT_GOLD_REQUIREMENTS'||ResourceType,	'REQUIREMENT_PLOT_RESOURCE_TYPE_MATCHES'
FROM Resource_YieldChanges WHERE YieldType = 'YIELD_GOLD' AND YieldChange = 1;

INSERT INTO Requirements
		(RequirementId,														RequirementType)
SELECT	'ABILITY_SAILOR_ALCHEMIST_PLOT_GOLD2_REQUIREMENTS'||ResourceType,	'REQUIREMENT_PLOT_RESOURCE_TYPE_MATCHES'
FROM Resource_YieldChanges WHERE YieldType = 'YIELD_GOLD' AND YieldChange = 2;

INSERT INTO Requirements
		(RequirementId,														RequirementType)
SELECT	'ABILITY_SAILOR_ALCHEMIST_PLOT_GOLD3_REQUIREMENTS'||ResourceType,	'REQUIREMENT_PLOT_RESOURCE_TYPE_MATCHES'
FROM Resource_YieldChanges WHERE YieldType = 'YIELD_GOLD' AND YieldChange = 3;

-- FAITH
INSERT INTO Requirements
		(RequirementId,														RequirementType)
SELECT	'ABILITY_SAILOR_ALCHEMIST_PLOT_FAITH_REQUIREMENTS'||ResourceType,	'REQUIREMENT_PLOT_RESOURCE_TYPE_MATCHES'
FROM Resource_YieldChanges WHERE YieldType = 'YIELD_FAITH' AND YieldChange = 1;

INSERT INTO Requirements
		(RequirementId,														RequirementType)
SELECT	'ABILITY_SAILOR_ALCHEMIST_PLOT_FAITH2_REQUIREMENTS'||ResourceType,	'REQUIREMENT_PLOT_RESOURCE_TYPE_MATCHES'
FROM Resource_YieldChanges WHERE YieldType = 'YIELD_FAITH' AND YieldChange = 2;

INSERT INTO Requirements
		(RequirementId,														RequirementType)
SELECT	'ABILITY_SAILOR_ALCHEMIST_PLOT_FAITH3_REQUIREMENTS'||ResourceType,	'REQUIREMENT_PLOT_RESOURCE_TYPE_MATCHES'
FROM Resource_YieldChanges WHERE YieldType = 'YIELD_FAITH' AND YieldChange = 3;

-- SCIENCE
INSERT INTO Requirements
		(RequirementId,														RequirementType)
SELECT	'ABILITY_SAILOR_ALCHEMIST_PLOT_SCIENCE_REQUIREMENTS'||ResourceType,	'REQUIREMENT_PLOT_RESOURCE_TYPE_MATCHES'
FROM Resource_YieldChanges WHERE YieldType = 'YIELD_SCIENCE' AND YieldChange = 1;

INSERT INTO Requirements
		(RequirementId,															RequirementType)
SELECT	'ABILITY_SAILOR_ALCHEMIST_PLOT_SCIENCE2_REQUIREMENTS'||ResourceType,	'REQUIREMENT_PLOT_RESOURCE_TYPE_MATCHES'
FROM Resource_YieldChanges WHERE YieldType = 'YIELD_SCIENCE' AND YieldChange = 2;

INSERT INTO Requirements
		(RequirementId,															RequirementType)
SELECT	'ABILITY_SAILOR_ALCHEMIST_PLOT_SCIENCE3_REQUIREMENTS'||ResourceType,	'REQUIREMENT_PLOT_RESOURCE_TYPE_MATCHES'
FROM Resource_YieldChanges WHERE YieldType = 'YIELD_SCIENCE' AND YieldChange = 3;

-- CULTURE
INSERT INTO Requirements
		(RequirementId,														RequirementType)
SELECT	'ABILITY_SAILOR_ALCHEMIST_PLOT_CULTURE_REQUIREMENTS'||ResourceType,	'REQUIREMENT_PLOT_RESOURCE_TYPE_MATCHES'
FROM Resource_YieldChanges WHERE YieldType = 'YIELD_CULTURE' AND YieldChange = 1;

INSERT INTO Requirements
		(RequirementId,															RequirementType)
SELECT	'ABILITY_SAILOR_ALCHEMIST_PLOT_CULTURE2_REQUIREMENTS'||ResourceType,	'REQUIREMENT_PLOT_RESOURCE_TYPE_MATCHES'
FROM Resource_YieldChanges WHERE YieldType = 'YIELD_CULTURE' AND YieldChange = 2;

INSERT INTO Requirements
		(RequirementId,															RequirementType)
SELECT	'ABILITY_SAILOR_ALCHEMIST_PLOT_CULTURE3_REQUIREMENTS'||ResourceType,	'REQUIREMENT_PLOT_RESOURCE_TYPE_MATCHES'
FROM Resource_YieldChanges WHERE YieldType = 'YIELD_CULTURE' AND YieldChange = 3;

INSERT INTO Requirements
		(RequirementId,														RequirementType)
VALUES	('SAILOR_ALCHEMIST_REQUIRES_PLOT_IS_ALCHEMIST',						'REQUIREMENT_PLOT_ADJACENT_TO_OWNER'),
		('SAILOR_ALCHEMIST_REQUIRES_PLOT_RESOURCE_VISIBLE',					'REQUIREMENT_PLOT_RESOURCE_VISIBLE'),
		('SAILOR_ALCHEMIST_REQUIRES_FOOD_REQSET',							'REQUIREMENT_REQUIREMENTSET_IS_MET'),
		('SAILOR_ALCHEMIST_REQUIRES_PROD_REQSET',							'REQUIREMENT_REQUIREMENTSET_IS_MET'),
		('SAILOR_ALCHEMIST_REQUIRES_GOLD_REQSET',							'REQUIREMENT_REQUIREMENTSET_IS_MET'),
		('SAILOR_ALCHEMIST_REQUIRES_FAITH_REQSET',							'REQUIREMENT_REQUIREMENTSET_IS_MET'),
		('SAILOR_ALCHEMIST_REQUIRES_SCIENCE_REQSET',						'REQUIREMENT_REQUIREMENTSET_IS_MET'),
		('SAILOR_ALCHEMIST_REQUIRES_CULTURE_REQSET',						'REQUIREMENT_REQUIREMENTSET_IS_MET'),
		-- 2
		('SAILOR_ALCHEMIST_REQUIRES_FOOD2_REQSET',							'REQUIREMENT_REQUIREMENTSET_IS_MET'),
		('SAILOR_ALCHEMIST_REQUIRES_PROD2_REQSET',							'REQUIREMENT_REQUIREMENTSET_IS_MET'),
		('SAILOR_ALCHEMIST_REQUIRES_GOLD2_REQSET',							'REQUIREMENT_REQUIREMENTSET_IS_MET'),
		('SAILOR_ALCHEMIST_REQUIRES_FAITH2_REQSET',							'REQUIREMENT_REQUIREMENTSET_IS_MET'),
		('SAILOR_ALCHEMIST_REQUIRES_SCIENCE2_REQSET',						'REQUIREMENT_REQUIREMENTSET_IS_MET'),
		('SAILOR_ALCHEMIST_REQUIRES_CULTURE2_REQSET',						'REQUIREMENT_REQUIREMENTSET_IS_MET'),
		-- 3
		('SAILOR_ALCHEMIST_REQUIRES_FOOD3_REQSET',							'REQUIREMENT_REQUIREMENTSET_IS_MET'),
		('SAILOR_ALCHEMIST_REQUIRES_PROD3_REQSET',							'REQUIREMENT_REQUIREMENTSET_IS_MET'),
		('SAILOR_ALCHEMIST_REQUIRES_GOLD3_REQSET',							'REQUIREMENT_REQUIREMENTSET_IS_MET'),
		('SAILOR_ALCHEMIST_REQUIRES_FAITH3_REQSET',							'REQUIREMENT_REQUIREMENTSET_IS_MET'),
		('SAILOR_ALCHEMIST_REQUIRES_SCIENCE3_REQSET',						'REQUIREMENT_REQUIREMENTSET_IS_MET'),
		('SAILOR_ALCHEMIST_REQUIRES_CULTURE3_REQSET',						'REQUIREMENT_REQUIREMENTSET_IS_MET');

-----------------------------------------------
-- Requirements
-----------------------------------------------
INSERT INTO RequirementArguments
		(RequirementId,												Name,					Value)
VALUES	('SAILOR_ALCHEMIST_REQUIRES_PLOT_IS_ALCHEMIST',				'MinDistance',			0),
		('SAILOR_ALCHEMIST_REQUIRES_PLOT_IS_ALCHEMIST',				'MaxDistance',			1),
		('SAILOR_ALCHEMIST_REQUIRES_FOOD_REQSET',					'RequirementSetId',		'SAILOR_ALCHEMIST_REQUIRES_PLOT_IS_FOOD'),
		('SAILOR_ALCHEMIST_REQUIRES_PROD_REQSET',					'RequirementSetId',		'SAILOR_ALCHEMIST_REQUIRES_PLOT_IS_PROD'),
		('SAILOR_ALCHEMIST_REQUIRES_GOLD_REQSET',					'RequirementSetId',		'SAILOR_ALCHEMIST_REQUIRES_PLOT_IS_GOLD'),
		('SAILOR_ALCHEMIST_REQUIRES_FAITH_REQSET',					'RequirementSetId',		'SAILOR_ALCHEMIST_REQUIRES_PLOT_IS_FAITH'),
		('SAILOR_ALCHEMIST_REQUIRES_SCIENCE_REQSET',				'RequirementSetId',		'SAILOR_ALCHEMIST_REQUIRES_PLOT_IS_SCIENCE'),
		('SAILOR_ALCHEMIST_REQUIRES_CULTURE_REQSET',				'RequirementSetId',		'SAILOR_ALCHEMIST_REQUIRES_PLOT_IS_CULTURE'),
		-- 2
		('SAILOR_ALCHEMIST_REQUIRES_FOOD2_REQSET',					'RequirementSetId',		'SAILOR_ALCHEMIST_REQUIRES_PLOT_IS_FOOD2'),
		('SAILOR_ALCHEMIST_REQUIRES_PROD2_REQSET',					'RequirementSetId',		'SAILOR_ALCHEMIST_REQUIRES_PLOT_IS_PROD2'),
		('SAILOR_ALCHEMIST_REQUIRES_GOLD2_REQSET',					'RequirementSetId',		'SAILOR_ALCHEMIST_REQUIRES_PLOT_IS_GOLD2'),
		('SAILOR_ALCHEMIST_REQUIRES_FAITH2_REQSET',					'RequirementSetId',		'SAILOR_ALCHEMIST_REQUIRES_PLOT_IS_FAITH2'),
		('SAILOR_ALCHEMIST_REQUIRES_SCIENCE2_REQSET',				'RequirementSetId',		'SAILOR_ALCHEMIST_REQUIRES_PLOT_IS_SCIENCE2'),
		('SAILOR_ALCHEMIST_REQUIRES_CULTURE2_REQSET',				'RequirementSetId',		'SAILOR_ALCHEMIST_REQUIRES_PLOT_IS_CULTURE2'),
		-- 3
		('SAILOR_ALCHEMIST_REQUIRES_FOOD3_REQSET',					'RequirementSetId',		'SAILOR_ALCHEMIST_REQUIRES_PLOT_IS_FOOD3'),
		('SAILOR_ALCHEMIST_REQUIRES_PROD3_REQSET',					'RequirementSetId',		'SAILOR_ALCHEMIST_REQUIRES_PLOT_IS_PROD3'),
		('SAILOR_ALCHEMIST_REQUIRES_GOLD3_REQSET',					'RequirementSetId',		'SAILOR_ALCHEMIST_REQUIRES_PLOT_IS_GOLD3'),
		('SAILOR_ALCHEMIST_REQUIRES_FAITH3_REQSET',					'RequirementSetId',		'SAILOR_ALCHEMIST_REQUIRES_PLOT_IS_FAITH3'),
		('SAILOR_ALCHEMIST_REQUIRES_SCIENCE3_REQSET',				'RequirementSetId',		'SAILOR_ALCHEMIST_REQUIRES_PLOT_IS_SCIENCE3'),
		('SAILOR_ALCHEMIST_REQUIRES_CULTURE3_REQSET',				'RequirementSetId',		'SAILOR_ALCHEMIST_REQUIRES_PLOT_IS_CULTURE3');

--FOOD
INSERT INTO RequirementArguments
		(RequirementId,														Name,			Value)
SELECT	'ABILITY_SAILOR_ALCHEMIST_PLOT_FOOD_REQUIREMENTS'||ResourceType,	'ResourceType',	ResourceType
FROM Resource_YieldChanges WHERE YieldType = 'YIELD_FOOD' AND YieldChange = 1;

INSERT INTO RequirementArguments
		(RequirementId,														Name,			Value)
SELECT	'ABILITY_SAILOR_ALCHEMIST_PLOT_FOOD2_REQUIREMENTS'||ResourceType,	'ResourceType',	ResourceType
FROM Resource_YieldChanges WHERE YieldType = 'YIELD_FOOD' AND YieldChange = 2;

INSERT INTO RequirementArguments
		(RequirementId,														Name,			Value)
SELECT	'ABILITY_SAILOR_ALCHEMIST_PLOT_FOOD3_REQUIREMENTS'||ResourceType,	'ResourceType',	ResourceType
FROM Resource_YieldChanges WHERE YieldType = 'YIELD_FOOD' AND YieldChange = 3;

--PROD
INSERT INTO RequirementArguments
		(RequirementId,														Name,			Value)
SELECT	'ABILITY_SAILOR_ALCHEMIST_PLOT_PROD_REQUIREMENTS'||ResourceType,	'ResourceType',	ResourceType
FROM Resource_YieldChanges WHERE YieldType = 'YIELD_PRODUCTION' AND YieldChange = 1;

INSERT INTO RequirementArguments
		(RequirementId,														Name,			Value)
SELECT	'ABILITY_SAILOR_ALCHEMIST_PLOT_PROD2_REQUIREMENTS'||ResourceType,	'ResourceType',	ResourceType
FROM Resource_YieldChanges WHERE YieldType = 'YIELD_PRODUCTION' AND YieldChange = 2;

INSERT INTO RequirementArguments
		(RequirementId,														Name,			Value)
SELECT	'ABILITY_SAILOR_ALCHEMIST_PLOT_PROD3_REQUIREMENTS'||ResourceType,	'ResourceType',	ResourceType
FROM Resource_YieldChanges WHERE YieldType = 'YIELD_PRODUCTION' AND YieldChange = 3;

--GOLD
INSERT INTO RequirementArguments
		(RequirementId,														Name,			Value)
SELECT	'ABILITY_SAILOR_ALCHEMIST_PLOT_GOLD_REQUIREMENTS'||ResourceType,	'ResourceType',	ResourceType
FROM Resource_YieldChanges WHERE YieldType = 'YIELD_GOLD' AND YieldChange = 1;

INSERT INTO RequirementArguments
		(RequirementId,														Name,			Value)
SELECT	'ABILITY_SAILOR_ALCHEMIST_PLOT_GOLD2_REQUIREMENTS'||ResourceType,	'ResourceType',	ResourceType
FROM Resource_YieldChanges WHERE YieldType = 'YIELD_GOLD' AND YieldChange = 2;

INSERT INTO RequirementArguments
		(RequirementId,														Name,			Value)
SELECT	'ABILITY_SAILOR_ALCHEMIST_PLOT_GOLD3_REQUIREMENTS'||ResourceType,	'ResourceType',	ResourceType
FROM Resource_YieldChanges WHERE YieldType = 'YIELD_GOLD' AND YieldChange = 3;

--FAITH
INSERT INTO RequirementArguments
		(RequirementId,														Name,			Value)
SELECT	'ABILITY_SAILOR_ALCHEMIST_PLOT_FAITH_REQUIREMENTS'||ResourceType,	'ResourceType',	ResourceType
FROM Resource_YieldChanges WHERE YieldType = 'YIELD_FAITH' AND YieldChange = 1;

INSERT INTO RequirementArguments
		(RequirementId,														Name,			Value)
SELECT	'ABILITY_SAILOR_ALCHEMIST_PLOT_FAITH2_REQUIREMENTS'||ResourceType,	'ResourceType',	ResourceType
FROM Resource_YieldChanges WHERE YieldType = 'YIELD_FAITH' AND YieldChange = 2;

INSERT INTO RequirementArguments
		(RequirementId,														Name,			Value)
SELECT	'ABILITY_SAILOR_ALCHEMIST_PLOT_FAITH3_REQUIREMENTS'||ResourceType,	'ResourceType',	ResourceType
FROM Resource_YieldChanges WHERE YieldType = 'YIELD_FAITH' AND YieldChange = 3;

--SCIENCE
INSERT INTO RequirementArguments
		(RequirementId,														Name,			Value)
SELECT	'ABILITY_SAILOR_ALCHEMIST_PLOT_SCIENCE_REQUIREMENTS'||ResourceType,	'ResourceType',	ResourceType
FROM Resource_YieldChanges WHERE YieldType = 'YIELD_SCIENCE' AND YieldChange = 1;

INSERT INTO RequirementArguments
		(RequirementId,															Name,			Value)
SELECT	'ABILITY_SAILOR_ALCHEMIST_PLOT_SCIENCE2_REQUIREMENTS'||ResourceType,	'ResourceType',	ResourceType
FROM Resource_YieldChanges WHERE YieldType = 'YIELD_SCIENCE' AND YieldChange = 2;

INSERT INTO RequirementArguments
		(RequirementId,															Name,			Value)
SELECT	'ABILITY_SAILOR_ALCHEMIST_PLOT_SCIENCE3_REQUIREMENTS'||ResourceType,	'ResourceType',	ResourceType
FROM Resource_YieldChanges WHERE YieldType = 'YIELD_SCIENCE' AND YieldChange = 3;

--CULTURE
INSERT INTO RequirementArguments
		(RequirementId,														Name,			Value)
SELECT	'ABILITY_SAILOR_ALCHEMIST_PLOT_CULTURE_REQUIREMENTS'||ResourceType,	'ResourceType',	ResourceType
FROM Resource_YieldChanges WHERE YieldType = 'YIELD_CULTURE' AND YieldChange = 1;

INSERT INTO RequirementArguments
		(RequirementId,															Name,			Value)
SELECT	'ABILITY_SAILOR_ALCHEMIST_PLOT_CULTURE2_REQUIREMENTS'||ResourceType,	'ResourceType',	ResourceType
FROM Resource_YieldChanges WHERE YieldType = 'YIELD_CULTURE' AND YieldChange = 2;

INSERT INTO RequirementArguments
		(RequirementId,															Name,			Value)
SELECT	'ABILITY_SAILOR_ALCHEMIST_PLOT_CULTURE3_REQUIREMENTS'||ResourceType,	'ResourceType',	ResourceType
FROM Resource_YieldChanges WHERE YieldType = 'YIELD_CULTURE' AND YieldChange = 3;